{"cameraMode":{"drawMode":0,"name":"Shaded","section":"Shading Mode"},"sceneLighting":false,"audioPlay":false,"sceneViewState":{"m_AlwaysRefresh":false,"showFog":true,"showSkybox":false,"showFlares":true,"showImageEffects":true,"showParticleSystems":true,"showVisualEffectGraphs":true,"m_FxEnabled":true},"in2DMode":false,"pivot":{"x":407.00177001953127,"y":229.10348510742188,"z":-0.5716187953948975},"rotation":{"x":-0.1460941731929779,"y":0.03146228939294815,"z":0.004693033639341593,"w":0.9887906312942505},"size":0.9710769057273865,"orthographic":false}