{"cameraMode":{"drawMode":0,"name":"Shaded","section":"Shading Mode"},"sceneLighting":true,"audioPlay":false,"sceneViewState":{"m_AlwaysRefresh":false,"showFog":true,"showSkybox":true,"showFlares":true,"showImageEffects":true,"showParticleSystems":true,"showVisualEffectGraphs":true,"m_FxEnabled":true},"in2DMode":false,"pivot":{"x":4.139913082122803,"y":19.158910751342775,"z":17.785236358642579},"rotation":{"x":-0.2606860101222992,"y":0.14158879220485688,"z":0.03868133947253227,"w":0.9542044401168823},"size":20.693695068359376,"orthographic":false}